S1,S2,S3,S4,S5,S6,S7
Biochemistry,Intellectual Property Rights,Green Building Design,Human Rights,Disaster Management,Green Computing,Parallel Algorithms
Hospital Waste Management,Agile Methodologies,Signals and Systems,C# and .NET Programming,Human Computer Interaction,Information Retrieval Techniques,Natural Language Processing
Sensors and Transducers,Software Testing,Waste Water Management,Machine Learning Techniques,Human Computer Interaction,Parallel Algorithms,Professional Ethics in Engineering
Hospital Waste Management,Embedded Systems,Signals and Systems,C# and .NET Programming,Machine Learning Techniques,Information Retrieval Techniques,Green Computing
Soft Computing,Software Testing,Signals and Systems,Human Rights,Human Computer Interaction,Professional Ethics in Engineering,Natural Language Processing
Hospital Waste Management,Digital Signal Processing,Signals and Systems,Human Computer Interaction,Machine Learning Techniques,Information Retrieval Techniques,Parallel Algorithms
Geographic Information System,Digital Signal Processing,Hospital Management,Disaster Management,Human Rights,Information Retrieval Techniques,Green Computing
Hospital Waste Management,Embedded Systems,Hospital Management,C# and .NET Programming,Human Rights,Professional Ethics in Engineering,Information Retrieval Techniques
Geographic Information System,Digital Signal Processing,Green Building Design,Machine Learning Techniques,Human Computer Interaction,Parallel Algorithms,Green Computing
Soft Computing,Digital Signal Processing,Hospital Management,Disaster Management,Human Rights,Information Retrieval Techniques,Natural Language Processing
Hospital Waste Management,Agile Methodologies,Signals and Systems,Machine Learning Techniques,C# and .NET Programming,Information Retrieval Techniques,Parallel Algorithms
Geographic Information System,Embedded Systems,Waste Water Management,Human Rights,Disaster Management,Natural Language Processing,Information Retrieval Techniques
Soft Computing,Embedded Systems,Waste Water Management,Machine Learning Techniques,Disaster Management,Parallel Algorithms,Information Retrieval Techniques
Soft Computing,Intellectual Property Rights,Microbiology,Human Rights,Human Computer Interaction,Professional Ethics in Engineering,Parallel Algorithms
Hospital Waste Management,Intellectual Property Rights,Waste Water Management,Machine Learning Techniques,Human Computer Interaction,Parallel Algorithms,Professional Ethics in Engineering
Geographic Information System,Intellectual Property Rights,Waste Water Management,Machine Learning Techniques,Human Computer Interaction,Natural Language Processing,Professional Ethics in Engineering
Biochemistry,Embedded Systems,Green Building Design,Human Rights,C# and .NET Programming,Professional Ethics in Engineering,Parallel Algorithms
Biochemistry,Intellectual Property Rights,Signals and Systems,Human Computer Interaction,Human Rights,Natural Language Processing,Parallel Algorithms
Geographic Information System,Embedded Systems,Signals and Systems,Machine Learning Techniques,C# and .NET Programming,Parallel Algorithms,Professional Ethics in Engineering
Hospital Waste Management,Digital Signal Processing,Signals and Systems,Machine Learning Techniques,Human Computer Interaction,Natural Language Processing,Information Retrieval Techniques
Biochemistry,Software Testing,Signals and Systems,Disaster Management,Machine Learning Techniques,Professional Ethics in Engineering,Information Retrieval Techniques
Sensors and Transducers,Agile Methodologies,Microbiology,Disaster Management,Human Computer Interaction,Information Retrieval Techniques,Natural Language Processing
Biochemistry,Intellectual Property Rights,Signals and Systems,Machine Learning Techniques,C# and .NET Programming,Professional Ethics in Engineering,Natural Language Processing
Hospital Waste Management,Agile Methodologies,Waste Water Management,C# and .NET Programming,Human Rights,Information Retrieval Techniques,Parallel Algorithms
Biochemistry,Digital Signal Processing,Hospital Management,Machine Learning Techniques,C# and .NET Programming,Professional Ethics in Engineering,Green Computing
Geographic Information System,Intellectual Property Rights,Hospital Management,Human Computer Interaction,Disaster Management,Green Computing,Parallel Algorithms
Biochemistry,Intellectual Property Rights,Microbiology,Human Computer Interaction,Human Rights,Professional Ethics in Engineering,Information Retrieval Techniques
Biochemistry,Agile Methodologies,Hospital Management,Machine Learning Techniques,Human Rights,Natural Language Processing,Information Retrieval Techniques
Hospital Waste Management,Embedded Systems,Waste Water Management,Disaster Management,C# and .NET Programming,Green Computing,Information Retrieval Techniques
Biochemistry,Software Testing,Signals and Systems,Human Computer Interaction,Disaster Management,Green Computing,Parallel Algorithms
Biochemistry,Embedded Systems,Microbiology,Machine Learning Techniques,Human Rights,Information Retrieval Techniques,Natural Language Processing
Hospital Waste Management,Embedded Systems,Signals and Systems,Machine Learning Techniques,C# and .NET Programming,Information Retrieval Techniques,Professional Ethics in Engineering
Hospital Waste Management,Software Testing,Waste Water Management,Human Computer Interaction,Human Rights,Natural Language Processing,Information Retrieval Techniques
Sensors and Transducers,Digital Signal Processing,Green Building Design,Disaster Management,Human Rights,Professional Ethics in Engineering,Natural Language Processing
Sensors and Transducers,Agile Methodologies,Signals and Systems,Machine Learning Techniques,C# and .NET Programming,Information Retrieval Techniques,Professional Ethics in Engineering
Sensors and Transducers,Software Testing,Microbiology,Human Computer Interaction,Machine Learning Techniques,Professional Ethics in Engineering,Green Computing
Hospital Waste Management,Digital Signal Processing,Green Building Design,Human Computer Interaction,Human Rights,Parallel Algorithms,Green Computing
Biochemistry,Agile Methodologies,Waste Water Management,C# and .NET Programming,Human Computer Interaction,Professional Ethics in Engineering,Green Computing
Soft Computing,Digital Signal Processing,Microbiology,Human Computer Interaction,C# and .NET Programming,Natural Language Processing,Professional Ethics in Engineering
Soft Computing,Software Testing,Signals and Systems,Machine Learning Techniques,Human Computer Interaction,Parallel Algorithms,Green Computing
Biochemistry,Embedded Systems,Signals and Systems,Human Computer Interaction,Machine Learning Techniques,Natural Language Processing,Information Retrieval Techniques
Biochemistry,Agile Methodologies,Microbiology,C# and .NET Programming,Human Rights,Parallel Algorithms,Green Computing
Soft Computing,Agile Methodologies,Hospital Management,Disaster Management,Human Computer Interaction,Green Computing,Professional Ethics in Engineering
Hospital Waste Management,Software Testing,Waste Water Management,Disaster Management,C# and .NET Programming,Green Computing,Information Retrieval Techniques
Sensors and Transducers,Digital Signal Processing,Hospital Management,Human Computer Interaction,Machine Learning Techniques,Green Computing,Information Retrieval Techniques
Biochemistry,Agile Methodologies,Green Building Design,Human Computer Interaction,C# and .NET Programming,Natural Language Processing,Information Retrieval Techniques
Biochemistry,Embedded Systems,Signals and Systems,Human Rights,Human Computer Interaction,Natural Language Processing,Professional Ethics in Engineering
Sensors and Transducers,Agile Methodologies,Signals and Systems,Human Computer Interaction,Machine Learning Techniques,Green Computing,Information Retrieval Techniques
Hospital Waste Management,Digital Signal Processing,Hospital Management,Human Rights,Machine Learning Techniques,Green Computing,Information Retrieval Techniques
Soft Computing,Intellectual Property Rights,Hospital Management,C# and .NET Programming,Disaster Management,Information Retrieval Techniques,Professional Ethics in Engineering
Biochemistry,Intellectual Property Rights,Microbiology,Disaster Management,Human Computer Interaction,Parallel Algorithms,Natural Language Processing
Hospital Waste Management,Agile Methodologies,Green Building Design,Human Rights,Machine Learning Techniques,Green Computing,Parallel Algorithms
Biochemistry,Software Testing,Microbiology,Human Computer Interaction,C# and .NET Programming,Professional Ethics in Engineering,Green Computing
Hospital Waste Management,Embedded Systems,Waste Water Management,Machine Learning Techniques,Disaster Management,Green Computing,Parallel Algorithms
Hospital Waste Management,Embedded Systems,Green Building Design,Human Computer Interaction,Human Rights,Green Computing,Natural Language Processing
Soft Computing,Intellectual Property Rights,Microbiology,Human Computer Interaction,Disaster Management,Professional Ethics in Engineering,Green Computing
Geographic Information System,Software Testing,Signals and Systems,Human Computer Interaction,C# and .NET Programming,Green Computing,Parallel Algorithms
Biochemistry,Software Testing,Microbiology,Disaster Management,Human Rights,Professional Ethics in Engineering,Natural Language Processing
Hospital Waste Management,Intellectual Property Rights,Green Building Design,C# and .NET Programming,Human Computer Interaction,Natural Language Processing,Professional Ethics in Engineering
Soft Computing,Intellectual Property Rights,Hospital Management,Human Computer Interaction,Disaster Management,Parallel Algorithms,Natural Language Processing
Geographic Information System,Agile Methodologies,Waste Water Management,Disaster Management,Human Rights,Natural Language Processing,Green Computing
Hospital Waste Management,Agile Methodologies,Signals and Systems,Human Rights,Machine Learning Techniques,Information Retrieval Techniques,Natural Language Processing
Sensors and Transducers,Intellectual Property Rights,Hospital Management,Disaster Management,Human Rights,Parallel Algorithms,Professional Ethics in Engineering
Soft Computing,Software Testing,Signals and Systems,Human Rights,C# and .NET Programming,Parallel Algorithms,Information Retrieval Techniques
Hospital Waste Management,Software Testing,Signals and Systems,Human Rights,C# and .NET Programming,Information Retrieval Techniques,Parallel Algorithms
Biochemistry,Digital Signal Processing,Green Building Design,C# and .NET Programming,Machine Learning Techniques,Professional Ethics in Engineering,Natural Language Processing
Geographic Information System,Digital Signal Processing,Green Building Design,Human Computer Interaction,Machine Learning Techniques,Parallel Algorithms,Information Retrieval Techniques
Biochemistry,Intellectual Property Rights,Waste Water Management,Disaster Management,Machine Learning Techniques,Parallel Algorithms,Natural Language Processing
Sensors and Transducers,Digital Signal Processing,Green Building Design,Human Rights,Disaster Management,Information Retrieval Techniques,Green Computing
Soft Computing,Intellectual Property Rights,Hospital Management,Machine Learning Techniques,Human Computer Interaction,Professional Ethics in Engineering,Parallel Algorithms
Sensors and Transducers,Agile Methodologies,Signals and Systems,Disaster Management,Human Computer Interaction,Green Computing,Parallel Algorithms
Biochemistry,Agile Methodologies,Microbiology,Human Computer Interaction,Machine Learning Techniques,Natural Language Processing,Information Retrieval Techniques
Geographic Information System,Software Testing,Waste Water Management,C# and .NET Programming,Machine Learning Techniques,Green Computing,Natural Language Processing
Soft Computing,Agile Methodologies,Hospital Management,Disaster Management,Machine Learning Techniques,Information Retrieval Techniques,Green Computing
Biochemistry,Software Testing,Microbiology,Machine Learning Techniques,Disaster Management,Parallel Algorithms,Green Computing
Sensors and Transducers,Intellectual Property Rights,Hospital Management,Disaster Management,C# and .NET Programming,Professional Ethics in Engineering,Green Computing
Geographic Information System,Embedded Systems,Hospital Management,Human Computer Interaction,Machine Learning Techniques,Information Retrieval Techniques,Green Computing
Biochemistry,Digital Signal Processing,Microbiology,Human Rights,Disaster Management,Information Retrieval Techniques,Professional Ethics in Engineering
Hospital Waste Management,Embedded Systems,Waste Water Management,C# and .NET Programming,Machine Learning Techniques,Information Retrieval Techniques,Green Computing
Soft Computing,Digital Signal Processing,Waste Water Management,Human Rights,Machine Learning Techniques,Natural Language Processing,Green Computing
Soft Computing,Agile Methodologies,Green Building Design,C# and .NET Programming,Human Computer Interaction,Information Retrieval Techniques,Parallel Algorithms
Geographic Information System,Embedded Systems,Waste Water Management,C# and .NET Programming,Human Computer Interaction,Green Computing,Natural Language Processing
Biochemistry,Agile Methodologies,Green Building Design,Disaster Management,Human Computer Interaction,Green Computing,Natural Language Processing
Geographic Information System,Agile Methodologies,Waste Water Management,Machine Learning Techniques,C# and .NET Programming,Information Retrieval Techniques,Parallel Algorithms
Geographic Information System,Digital Signal Processing,Signals and Systems,Machine Learning Techniques,Human Rights,Information Retrieval Techniques,Professional Ethics in Engineering
Soft Computing,Embedded Systems,Microbiology,Human Computer Interaction,Human Rights,Natural Language Processing,Professional Ethics in Engineering
Geographic Information System,Agile Methodologies,Waste Water Management,Human Computer Interaction,Disaster Management,Parallel Algorithms,Professional Ethics in Engineering
Biochemistry,Agile Methodologies,Microbiology,Disaster Management,Machine Learning Techniques,Green Computing,Information Retrieval Techniques
Biochemistry,Intellectual Property Rights,Signals and Systems,C# and .NET Programming,Machine Learning Techniques,Professional Ethics in Engineering,Natural Language Processing
Biochemistry,Embedded Systems,Green Building Design,Disaster Management,C# and .NET Programming,Parallel Algorithms,Natural Language Processing
Biochemistry,Digital Signal Processing,Green Building Design,Human Rights,Disaster Management,Professional Ethics in Engineering,Natural Language Processing
Hospital Waste Management,Agile Methodologies,Green Building Design,Human Rights,C# and .NET Programming,Green Computing,Information Retrieval Techniques
Hospital Waste Management,Digital Signal Processing,Signals and Systems,Human Computer Interaction,C# and .NET Programming,Information Retrieval Techniques,Natural Language Processing
Biochemistry,Agile Methodologies,Waste Water Management,Disaster Management,Human Rights,Green Computing,Natural Language Processing
Sensors and Transducers,Agile Methodologies,Microbiology,C# and .NET Programming,Human Rights,Professional Ethics in Engineering,Natural Language Processing
Sensors and Transducers,Agile Methodologies,Hospital Management,Human Computer Interaction,Human Rights,Professional Ethics in Engineering,Parallel Algorithms
Soft Computing,Software Testing,Green Building Design,Human Rights,C# and .NET Programming,Natural Language Processing,Green Computing
Geographic Information System,Digital Signal Processing,Microbiology,Machine Learning Techniques,Human Rights,Professional Ethics in Engineering,Information Retrieval Techniques
Geographic Information System,Intellectual Property Rights,Waste Water Management,Machine Learning Techniques,C# and .NET Programming,Information Retrieval Techniques,Natural Language Processing
Soft Computing,Embedded Systems,Waste Water Management,Human Computer Interaction,Machine Learning Techniques,Professional Ethics in Engineering,Green Computing
Geographic Information System,Digital Signal Processing,Hospital Management,C# and .NET Programming,Human Computer Interaction,Natural Language Processing,Parallel Algorithms
Sensors and Transducers,Software Testing,Waste Water Management,Disaster Management,C# and .NET Programming,Green Computing,Natural Language Processing
Biochemistry,Agile Methodologies,Hospital Management,Disaster Management,C# and .NET Programming,Information Retrieval Techniques,Natural Language Processing
Sensors and Transducers,Digital Signal Processing,Signals and Systems,Machine Learning Techniques,C# and .NET Programming,Professional Ethics in Engineering,Information Retrieval Techniques
Biochemistry,Agile Methodologies,Waste Water Management,Disaster Management,Human Rights,Parallel Algorithms,Professional Ethics in Engineering
Hospital Waste Management,Agile Methodologies,Microbiology,C# and .NET Programming,Human Rights,Parallel Algorithms,Natural Language Processing
Soft Computing,Agile Methodologies,Waste Water Management,Human Rights,Human Computer Interaction,Parallel Algorithms,Natural Language Processing
Soft Computing,Digital Signal Processing,Microbiology,Human Computer Interaction,C# and .NET Programming,Parallel Algorithms,Information Retrieval Techniques
Geographic Information System,Embedded Systems,Hospital Management,Human Computer Interaction,Machine Learning Techniques,Parallel Algorithms,Green Computing
Geographic Information System,Agile Methodologies,Microbiology,Disaster Management,C# and .NET Programming,Professional Ethics in Engineering,Information Retrieval Techniques
Sensors and Transducers,Embedded Systems,Microbiology,Human Rights,Human Computer Interaction,Green Computing,Information Retrieval Techniques
Biochemistry,Agile Methodologies,Microbiology,Human Rights,Disaster Management,Professional Ethics in Engineering,Natural Language Processing
Soft Computing,Software Testing,Microbiology,C# and .NET Programming,Human Rights,Information Retrieval Techniques,Green Computing
Hospital Waste Management,Digital Signal Processing,Green Building Design,Disaster Management,Human Computer Interaction,Information Retrieval Techniques,Green Computing
Hospital Waste Management,Software Testing,Microbiology,Disaster Management,Machine Learning Techniques,Information Retrieval Techniques,Parallel Algorithms
Sensors and Transducers,Agile Methodologies,Microbiology,Human Rights,Human Computer Interaction,Information Retrieval Techniques,Professional Ethics in Engineering
Sensors and Transducers,Intellectual Property Rights,Hospital Management,Machine Learning Techniques,Human Rights,Parallel Algorithms,Professional Ethics in Engineering
Geographic Information System,Software Testing,Waste Water Management,C# and .NET Programming,Disaster Management,Green Computing,Parallel Algorithms
Hospital Waste Management,Software Testing,Hospital Management,Human Rights,Human Computer Interaction,Information Retrieval Techniques,Professional Ethics in Engineering
Sensors and Transducers,Intellectual Property Rights,Microbiology,Human Computer Interaction,Machine Learning Techniques,Parallel Algorithms,Professional Ethics in Engineering
Sensors and Transducers,Software Testing,Waste Water Management,Machine Learning Techniques,Human Rights,Parallel Algorithms,Green Computing
Soft Computing,Embedded Systems,Green Building Design,Human Rights,Human Computer Interaction,Professional Ethics in Engineering,Information Retrieval Techniques
Hospital Waste Management,Embedded Systems,Microbiology,C# and .NET Programming,Human Rights,Natural Language Processing,Parallel Algorithms
Geographic Information System,Software Testing,Microbiology,Machine Learning Techniques,Human Computer Interaction,Parallel Algorithms,Professional Ethics in Engineering
Soft Computing,Intellectual Property Rights,Microbiology,Machine Learning Techniques,Human Computer Interaction,Professional Ethics in Engineering,Natural Language Processing
Geographic Information System,Digital Signal Processing,Waste Water Management,Human Rights,C# and .NET Programming,Information Retrieval Techniques,Natural Language Processing
Hospital Waste Management,Intellectual Property Rights,Green Building Design,Machine Learning Techniques,Disaster Management,Green Computing,Natural Language Processing
Hospital Waste Management,Software Testing,Green Building Design,Disaster Management,Machine Learning Techniques,Professional Ethics in Engineering,Parallel Algorithms
Sensors and Transducers,Software Testing,Signals and Systems,C# and .NET Programming,Machine Learning Techniques,Green Computing,Information Retrieval Techniques
Soft Computing,Software Testing,Microbiology,C# and .NET Programming,Disaster Management,Professional Ethics in Engineering,Parallel Algorithms
Sensors and Transducers,Agile Methodologies,Hospital Management,C# and .NET Programming,Human Rights,Green Computing,Information Retrieval Techniques
Hospital Waste Management,Digital Signal Processing,Green Building Design,Human Computer Interaction,C# and .NET Programming,Natural Language Processing,Green Computing
Hospital Waste Management,Agile Methodologies,Signals and Systems,C# and .NET Programming,Machine Learning Techniques,Natural Language Processing,Parallel Algorithms
Hospital Waste Management,Intellectual Property Rights,Hospital Management,Disaster Management,C# and .NET Programming,Natural Language Processing,Information Retrieval Techniques
Soft Computing,Agile Methodologies,Green Building Design,Human Rights,C# and .NET Programming,Parallel Algorithms,Green Computing
Sensors and Transducers,Intellectual Property Rights,Hospital Management,Machine Learning Techniques,Disaster Management,Natural Language Processing,Professional Ethics in Engineering
Hospital Waste Management,Intellectual Property Rights,Microbiology,C# and .NET Programming,Disaster Management,Parallel Algorithms,Natural Language Processing
Hospital Waste Management,Embedded Systems,Waste Water Management,C# and .NET Programming,Disaster Management,Information Retrieval Techniques,Parallel Algorithms
Geographic Information System,Embedded Systems,Signals and Systems,Machine Learning Techniques,Disaster Management,Parallel Algorithms,Professional Ethics in Engineering
Sensors and Transducers,Digital Signal Processing,Hospital Management,Human Rights,Human Computer Interaction,Information Retrieval Techniques,Parallel Algorithms
Hospital Waste Management,Software Testing,Waste Water Management,Human Rights,Human Computer Interaction,Parallel Algorithms,Information Retrieval Techniques
Sensors and Transducers,Digital Signal Processing,Signals and Systems,Human Computer Interaction,Machine Learning Techniques,Natural Language Processing,Parallel Algorithms
Geographic Information System,Software Testing,Microbiology,Disaster Management,Human Rights,Natural Language Processing,Green Computing
Hospital Waste Management,Embedded Systems,Waste Water Management,C# and .NET Programming,Disaster Management,Information Retrieval Techniques,Natural Language Processing
Sensors and Transducers,Embedded Systems,Green Building Design,Disaster Management,Machine Learning Techniques,Information Retrieval Techniques,Natural Language Processing
Sensors and Transducers,Digital Signal Processing,Signals and Systems,Machine Learning Techniques,Disaster Management,Information Retrieval Techniques,Parallel Algorithms
Biochemistry,Intellectual Property Rights,Green Building Design,Human Computer Interaction,Machine Learning Techniques,Professional Ethics in Engineering,Natural Language Processing
Geographic Information System,Software Testing,Green Building Design,Machine Learning Techniques,C# and .NET Programming,Professional Ethics in Engineering,Natural Language Processing
Biochemistry,Intellectual Property Rights,Waste Water Management,C# and .NET Programming,Human Computer Interaction,Parallel Algorithms,Professional Ethics in Engineering
Sensors and Transducers,Software Testing,Signals and Systems,C# and .NET Programming,Disaster Management,Information Retrieval Techniques,Green Computing
Soft Computing,Intellectual Property Rights,Signals and Systems,Human Computer Interaction,Disaster Management,Parallel Algorithms,Natural Language Processing
Hospital Waste Management,Digital Signal Processing,Hospital Management,C# and .NET Programming,Human Computer Interaction,Natural Language Processing,Parallel Algorithms
Soft Computing,Embedded Systems,Hospital Management,Human Computer Interaction,Disaster Management,Information Retrieval Techniques,Natural Language Processing
Biochemistry,Embedded Systems,Hospital Management,Human Rights,Human Computer Interaction,Professional Ethics in Engineering,Natural Language Processing
Hospital Waste Management,Agile Methodologies,Green Building Design,Human Rights,Machine Learning Techniques,Professional Ethics in Engineering,Information Retrieval Techniques
Soft Computing,Embedded Systems,Signals and Systems,C# and .NET Programming,Human Rights,Professional Ethics in Engineering,Green Computing
Sensors and Transducers,Embedded Systems,Hospital Management,C# and .NET Programming,Disaster Management,Green Computing,Parallel Algorithms
Hospital Waste Management,Software Testing,Green Building Design,Human Computer Interaction,Human Rights,Green Computing,Information Retrieval Techniques
Geographic Information System,Intellectual Property Rights,Hospital Management,Disaster Management,Human Rights,Parallel Algorithms,Green Computing
Biochemistry,Intellectual Property Rights,Waste Water Management,Disaster Management,Machine Learning Techniques,Information Retrieval Techniques,Natural Language Processing
Biochemistry,Intellectual Property Rights,Microbiology,C# and .NET Programming,Disaster Management,Professional Ethics in Engineering,Parallel Algorithms
Hospital Waste Management,Agile Methodologies,Waste Water Management,Human Rights,C# and .NET Programming,Parallel Algorithms,Professional Ethics in Engineering
Soft Computing,Software Testing,Green Building Design,Disaster Management,Human Rights,Parallel Algorithms,Information Retrieval Techniques
Soft Computing,Embedded Systems,Waste Water Management,Machine Learning Techniques,Human Computer Interaction,Information Retrieval Techniques,Parallel Algorithms
Soft Computing,Intellectual Property Rights,Microbiology,Human Rights,Machine Learning Techniques,Parallel Algorithms,Information Retrieval Techniques
Geographic Information System,Digital Signal Processing,Signals and Systems,Human Rights,Machine Learning Techniques,Green Computing,Parallel Algorithms
Soft Computing,Software Testing,Microbiology,Human Computer Interaction,Human Rights,Natural Language Processing,Information Retrieval Techniques
Biochemistry,Embedded Systems,Green Building Design,Disaster Management,Machine Learning Techniques,Green Computing,Natural Language Processing
Soft Computing,Embedded Systems,Signals and Systems,Disaster Management,Human Rights,Parallel Algorithms,Professional Ethics in Engineering
Sensors and Transducers,Intellectual Property Rights,Hospital Management,Human Rights,Machine Learning Techniques,Green Computing,Professional Ethics in Engineering
Biochemistry,Software Testing,Green Building Design,Human Computer Interaction,Disaster Management,Professional Ethics in Engineering,Natural Language Processing
Soft Computing,Embedded Systems,Microbiology,Human Rights,Machine Learning Techniques,Information Retrieval Techniques,Natural Language Processing
Biochemistry,Agile Methodologies,Signals and Systems,C# and .NET Programming,Machine Learning Techniques,Natural Language Processing,Parallel Algorithms
Sensors and Transducers,Software Testing,Green Building Design,Human Rights,Machine Learning Techniques,Information Retrieval Techniques,Green Computing
Hospital Waste Management,Intellectual Property Rights,Hospital Management,Disaster Management,C# and .NET Programming,Professional Ethics in Engineering,Natural Language Processing
Biochemistry,Digital Signal Processing,Microbiology,Human Rights,C# and .NET Programming,Green Computing,Natural Language Processing
Geographic Information System,Agile Methodologies,Microbiology,Machine Learning Techniques,Human Computer Interaction,Information Retrieval Techniques,Natural Language Processing
Biochemistry,Digital Signal Processing,Green Building Design,Human Computer Interaction,Machine Learning Techniques,Information Retrieval Techniques,Green Computing
Sensors and Transducers,Embedded Systems,Waste Water Management,C# and .NET Programming,Human Rights,Natural Language Processing,Green Computing
Biochemistry,Agile Methodologies,Waste Water Management,Disaster Management,Machine Learning Techniques,Natural Language Processing,Parallel Algorithms
Sensors and Transducers,Intellectual Property Rights,Hospital Management,Machine Learning Techniques,C# and .NET Programming,Information Retrieval Techniques,Green Computing
Sensors and Transducers,Agile Methodologies,Waste Water Management,Human Computer Interaction,Machine Learning Techniques,Natural Language Processing,Green Computing
Geographic Information System,Software Testing,Microbiology,Human Rights,Machine Learning Techniques,Green Computing,Parallel Algorithms
Sensors and Transducers,Software Testing,Green Building Design,C# and .NET Programming,Machine Learning Techniques,Natural Language Processing,Information Retrieval Techniques
Biochemistry,Digital Signal Processing,Green Building Design,Human Computer Interaction,Machine Learning Techniques,Green Computing,Professional Ethics in Engineering
Hospital Waste Management,Digital Signal Processing,Microbiology,Machine Learning Techniques,C# and .NET Programming,Professional Ethics in Engineering,Green Computing
Soft Computing,Intellectual Property Rights,Signals and Systems,Disaster Management,Human Computer Interaction,Information Retrieval Techniques,Natural Language Processing
Soft Computing,Agile Methodologies,Microbiology,Human Computer Interaction,C# and .NET Programming,Parallel Algorithms,Professional Ethics in Engineering
Sensors and Transducers,Digital Signal Processing,Microbiology,C# and .NET Programming,Machine Learning Techniques,Parallel Algorithms,Information Retrieval Techniques
Geographic Information System,Digital Signal Processing,Waste Water Management,Human Computer Interaction,Disaster Management,Professional Ethics in Engineering,Parallel Algorithms
Geographic Information System,Embedded Systems,Hospital Management,Human Computer Interaction,C# and .NET Programming,Information Retrieval Techniques,Parallel Algorithms
Hospital Waste Management,Digital Signal Processing,Microbiology,C# and .NET Programming,Human Computer Interaction,Information Retrieval Techniques,Professional Ethics in Engineering
Soft Computing,Software Testing,Microbiology,Human Rights,Human Computer Interaction,Information Retrieval Techniques,Green Computing
Sensors and Transducers,Digital Signal Processing,Green Building Design,Machine Learning Techniques,C# and .NET Programming,Information Retrieval Techniques,Parallel Algorithms
Biochemistry,Digital Signal Processing,Microbiology,Human Computer Interaction,Disaster Management,Natural Language Processing,Green Computing
Sensors and Transducers,Agile Methodologies,Green Building Design,Machine Learning Techniques,Disaster Management,Natural Language Processing,Professional Ethics in Engineering
Geographic Information System,Digital Signal Processing,Waste Water Management,Disaster Management,Machine Learning Techniques,Parallel Algorithms,Professional Ethics in Engineering
Soft Computing,Embedded Systems,Signals and Systems,C# and .NET Programming,Human Computer Interaction,Professional Ethics in Engineering,Green Computing
Biochemistry,Intellectual Property Rights,Microbiology,Human Computer Interaction,Human Rights,Green Computing,Information Retrieval Techniques
Biochemistry,Embedded Systems,Hospital Management,C# and .NET Programming,Machine Learning Techniques,Parallel Algorithms,Green Computing
